-- Table: campaigns (10 rows)
INSERT INTO "campaigns" ("id", "user_id", "name", "campaign_type", "organization", "start_date", "end_date", "budget", "scope", "people_reached", "people_recruited", "emails", "social_media_actions", "letters", "other_actions", "total_actions", "notes", "animals_saved", "created_at", "signed", "shared", "contacted", "recruited", "donated", "leaflets", "rallies") VALUES (1, 1, 'THL Fast Action Network', NULL, NULL, NULL, NULL, NULL, NULL, NULL, NULL, 20, 33, 0, 0, 53, NULL, 166, '2025-07-16T16:31:18.012Z', FALSE, FALSE, FALSE, FALSE, FALSE, 0, 0);
INSERT INTO "campaigns" ("id", "user_id", "name", "campaign_type", "organization", "start_date", "end_date", "budget", "scope", "people_reached", "people_recruited", "emails", "social_media_actions", "letters", "other_actions", "total_actions", "notes", "animals_saved", "created_at", "signed", "shared", "contacted", "recruited", "donated", "leaflets", "rallies") VALUES (3, 18, 'Subway cage-free commitment', NULL, NULL, NULL, NULL, NULL, NULL, NULL, NULL, 0, 0, 0, 0, 0, NULL, 0, '2025-07-31T13:02:29.542Z', FALSE, FALSE, FALSE, FALSE, FALSE, 0, 0);
INSERT INTO "campaigns" ("id", "user_id", "name", "campaign_type", "organization", "start_date", "end_date", "budget", "scope", "people_reached", "people_recruited", "emails", "social_media_actions", "letters", "other_actions", "total_actions", "notes", "animals_saved", "created_at", "signed", "shared", "contacted", "recruited", "donated", "leaflets", "rallies") VALUES (5, 21, 'End Goldfish Racing', NULL, NULL, NULL, NULL, NULL, NULL, NULL, NULL, 1, 0, 0, 0, 1, NULL, 5, '2025-08-03T02:12:59.036Z', FALSE, FALSE, FALSE, FALSE, FALSE, 0, 0);
INSERT INTO "campaigns" ("id", "user_id", "name", "campaign_type", "organization", "start_date", "end_date", "budget", "scope", "people_reached", "people_recruited", "emails", "social_media_actions", "letters", "other_actions", "total_actions", "notes", "animals_saved", "created_at", "signed", "shared", "contacted", "recruited", "donated", "leaflets", "rallies") VALUES (6, 21, '5 Vegans 5 Minutes', NULL, NULL, NULL, NULL, NULL, NULL, NULL, NULL, 0, 10, 0, 0, 10, NULL, 20, '2025-08-03T02:13:30.455Z', FALSE, FALSE, FALSE, FALSE, FALSE, 0, 0);
INSERT INTO "campaigns" ("id", "user_id", "name", "campaign_type", "organization", "start_date", "end_date", "budget", "scope", "people_reached", "people_recruited", "emails", "social_media_actions", "letters", "other_actions", "total_actions", "notes", "animals_saved", "created_at", "signed", "shared", "contacted", "recruited", "donated", "leaflets", "rallies") VALUES (8, 21, 'Adoptions', NULL, NULL, NULL, NULL, NULL, NULL, NULL, NULL, 0, 0, 0, 8, 8, NULL, 40, '2025-08-03T17:08:21.564Z', FALSE, FALSE, FALSE, FALSE, FALSE, 0, 0);
INSERT INTO "campaigns" ("id", "user_id", "name", "campaign_type", "organization", "start_date", "end_date", "budget", "scope", "people_reached", "people_recruited", "emails", "social_media_actions", "letters", "other_actions", "total_actions", "notes", "animals_saved", "created_at", "signed", "shared", "contacted", "recruited", "donated", "leaflets", "rallies") VALUES (7, 21, 'Adoptions', NULL, NULL, NULL, NULL, NULL, NULL, NULL, NULL, 0, 0, 0, 0, 0, NULL, 0, '2025-08-03T14:06:52.205Z', FALSE, FALSE, FALSE, FALSE, FALSE, 0, 0);
INSERT INTO "campaigns" ("id", "user_id", "name", "campaign_type", "organization", "start_date", "end_date", "budget", "scope", "people_reached", "people_recruited", "emails", "social_media_actions", "letters", "other_actions", "total_actions", "notes", "animals_saved", "created_at", "signed", "shared", "contacted", "recruited", "donated", "leaflets", "rallies") VALUES (2, 14, 'HumanLeague', NULL, NULL, NULL, NULL, NULL, NULL, NULL, NULL, 30, 0, 0, 0, 30, NULL, 150, '2025-07-21T21:15:25.914Z', FALSE, FALSE, FALSE, FALSE, FALSE, 0, 0);
INSERT INTO "campaigns" ("id", "user_id", "name", "campaign_type", "organization", "start_date", "end_date", "budget", "scope", "people_reached", "people_recruited", "emails", "social_media_actions", "letters", "other_actions", "total_actions", "notes", "animals_saved", "created_at", "signed", "shared", "contacted", "recruited", "donated", "leaflets", "rallies") VALUES (9, 1, 'THL Fast Action Network', NULL, NULL, NULL, NULL, NULL, NULL, NULL, NULL, 30, 50, 0, 0, 80, NULL, 250, '2025-09-15T22:01:00.193Z', FALSE, FALSE, FALSE, FALSE, FALSE, 0, 0);
INSERT INTO "campaigns" ("id", "user_id", "name", "campaign_type", "organization", "start_date", "end_date", "budget", "scope", "people_reached", "people_recruited", "emails", "social_media_actions", "letters", "other_actions", "total_actions", "notes", "animals_saved", "created_at", "signed", "shared", "contacted", "recruited", "donated", "leaflets", "rallies") VALUES (10, 29, 'Fast action network', NULL, NULL, NULL, NULL, NULL, NULL, NULL, NULL, 0, 0, 0, 10, 10, NULL, 50, '2025-09-18T14:55:59.107Z', FALSE, FALSE, FALSE, FALSE, FALSE, 0, 0);
INSERT INTO "campaigns" ("id", "user_id", "name", "campaign_type", "organization", "start_date", "end_date", "budget", "scope", "people_reached", "people_recruited", "emails", "social_media_actions", "letters", "other_actions", "total_actions", "notes", "animals_saved", "created_at", "signed", "shared", "contacted", "recruited", "donated", "leaflets", "rallies") VALUES (4, 18, 'Humane League Eggsposé', NULL, NULL, NULL, NULL, NULL, NULL, NULL, NULL, 9, 1, 0, 3, 13, NULL, 53, '2025-08-01T16:20:29.019Z', FALSE, FALSE, FALSE, FALSE, FALSE, 0, 0);

-- Table: donations (37 rows)
INSERT INTO "donations" ("id", "user_id", "organization", "amount", "organization_impact", "date", "is_monthly", "date_started", "date_ended", "notes", "animals_saved", "created_at", "currency") VALUES (23, 14, 'Faunalytics', 20, 'Average', '2025-08-01T00:00:00.000Z', FALSE, NULL, NULL, 'vegan 2.0 week 7', 0, '2025-08-01T15:17:56.713Z', 'USD');
INSERT INTO "donations" ("id", "user_id", "organization", "amount", "organization_impact", "date", "is_monthly", "date_started", "date_ended", "notes", "animals_saved", "created_at", "currency") VALUES (24, 8, 'Farmkind', 10.5, 'Highest', '2025-08-05T00:00:00.000Z', TRUE, '2025-08-05T00:00:00.000Z', NULL, NULL, 46, '2025-08-05T09:56:50.331Z', 'USD');
INSERT INTO "donations" ("id", "user_id", "organization", "amount", "organization_impact", "date", "is_monthly", "date_started", "date_ended", "notes", "animals_saved", "created_at", "currency") VALUES (25, 8, 'Giving What We Can', 5, 'Average', '2025-08-05T00:00:00.000Z', TRUE, '2025-08-05T00:00:00.000Z', NULL, NULL, 0, '2025-08-05T09:57:25.859Z', 'USD');
INSERT INTO "donations" ("id", "user_id", "organization", "amount", "organization_impact", "date", "is_monthly", "date_started", "date_ended", "notes", "animals_saved", "created_at", "currency") VALUES (26, 14, 'The Humane League', 20, 'Average', '2025-08-13T00:00:00.000Z', FALSE, NULL, NULL, 'Vegan 2.0 week 8', 0, '2025-08-13T11:56:31.276Z', 'USD');
INSERT INTO "donations" ("id", "user_id", "organization", "amount", "organization_impact", "date", "is_monthly", "date_started", "date_ended", "notes", "animals_saved", "created_at", "currency") VALUES (27, 14, 'Dansk Vegetarisk Forening', 20, 'Average', '2025-08-18T00:00:00.000Z', FALSE, NULL, NULL, 'vegan 2.0 week 9', 0, '2025-08-18T12:52:54.854Z', 'USD');
INSERT INTO "donations" ("id", "user_id", "organization", "amount", "organization_impact", "date", "is_monthly", "date_started", "date_ended", "notes", "animals_saved", "created_at", "currency") VALUES (28, 26, 'veganoutreach.org', 600, 'Average', '2025-08-30T00:00:00.000Z', FALSE, NULL, NULL, 'Not sure what the impact is.', 4, '2025-08-30T08:31:14.171Z', 'USD');
INSERT INTO "donations" ("id", "user_id", "organization", "amount", "organization_impact", "date", "is_monthly", "date_started", "date_ended", "notes", "animals_saved", "created_at", "currency") VALUES (29, 14, 'Sinergia Animal', 20, 'Average', '2025-08-30T00:00:00.000Z', FALSE, NULL, NULL, 'vegan 2.0 week 10', 0, '2025-08-30T12:49:46.175Z', 'USD');
INSERT INTO "donations" ("id", "user_id", "organization", "amount", "organization_impact", "date", "is_monthly", "date_started", "date_ended", "notes", "animals_saved", "created_at", "currency") VALUES (30, 14, 'Wild Animal Initiative', 20, 'Average', '2025-08-30T00:00:00.000Z', FALSE, NULL, NULL, 'Vegan 2.0 week 11', 0, '2025-08-30T12:52:53.083Z', 'USD');
INSERT INTO "donations" ("id", "user_id", "organization", "amount", "organization_impact", "date", "is_monthly", "date_started", "date_ended", "notes", "animals_saved", "created_at", "currency") VALUES (31, 20, 'ProVeg', 26817, 'High', '2025-09-10T00:00:00.000Z', FALSE, NULL, NULL, NULL, 83133, '2025-09-10T10:48:59.237Z', 'USD');
INSERT INTO "donations" ("id", "user_id", "organization", "amount", "organization_impact", "date", "is_monthly", "date_started", "date_ended", "notes", "animals_saved", "created_at", "currency") VALUES (32, 20, 'ACE', 25877, 'Highest', '2025-09-10T00:00:00.000Z', FALSE, NULL, NULL, NULL, 113859, '2025-09-10T10:48:59.237Z', 'USD');
INSERT INTO "donations" ("id", "user_id", "organization", "amount", "organization_impact", "date", "is_monthly", "date_started", "date_ended", "notes", "animals_saved", "created_at", "currency") VALUES (33, 20, 'xiaobuVEGAN', 7126, 'High', '2025-09-10T00:00:00.000Z', FALSE, NULL, NULL, NULL, 22091, '2025-09-10T10:48:59.237Z', 'USD');
INSERT INTO "donations" ("id", "user_id", "organization", "amount", "organization_impact", "date", "is_monthly", "date_started", "date_ended", "notes", "animals_saved", "created_at", "currency") VALUES (4, 1, 'The Vegan Society', 6.25, 'Average', '2025-07-07T00:00:00.000Z', TRUE, '2020-04-04T00:00:00.000Z', NULL, NULL, 0, '2025-07-07T21:35:05.775Z', 'USD');
INSERT INTO "donations" ("id", "user_id", "organization", "amount", "organization_impact", "date", "is_monthly", "date_started", "date_ended", "notes", "animals_saved", "created_at", "currency") VALUES (34, 20, 'Animal Equality', 3635, 'High', '2025-09-10T00:00:00.000Z', FALSE, NULL, NULL, NULL, 11269, '2025-09-10T10:48:59.237Z', 'USD');
INSERT INTO "donations" ("id", "user_id", "organization", "amount", "organization_impact", "date", "is_monthly", "date_started", "date_ended", "notes", "animals_saved", "created_at", "currency") VALUES (35, 20, 'Good Food Institute', 35741, 'Highest', '2025-09-10T00:00:00.000Z', FALSE, NULL, NULL, NULL, 157260, '2025-09-10T10:48:59.237Z', 'USD');
INSERT INTO "donations" ("id", "user_id", "organization", "amount", "organization_impact", "date", "is_monthly", "date_started", "date_ended", "notes", "animals_saved", "created_at", "currency") VALUES (8, 1, 'Animal Justice Project', 24, 'Average', '2025-07-07T00:00:00.000Z', TRUE, '2025-04-07T00:00:00.000Z', NULL, NULL, 0, '2025-07-07T21:41:07.893Z', 'USD');
INSERT INTO "donations" ("id", "user_id", "organization", "amount", "organization_impact", "date", "is_monthly", "date_started", "date_ended", "notes", "animals_saved", "created_at", "currency") VALUES (3, 1, 'New Harvest', 50, 'High', '2025-07-07T00:00:00.000Z', TRUE, '2016-11-01T00:00:00.000Z', NULL, NULL, 155, '2025-07-07T21:34:09.985Z', 'USD');
INSERT INTO "donations" ("id", "user_id", "organization", "amount", "organization_impact", "date", "is_monthly", "date_started", "date_ended", "notes", "animals_saved", "created_at", "currency") VALUES (1, 1, 'Animal Charity Evaluators', 263, 'Highest', '2021-09-06T00:00:00.000Z', TRUE, '2019-04-11T00:00:00.000Z', '2021-09-06T00:00:00.000Z', NULL, 1157, '2025-07-07T21:30:23.651Z', 'USD');
INSERT INTO "donations" ("id", "user_id", "organization", "amount", "organization_impact", "date", "is_monthly", "date_started", "date_ended", "notes", "animals_saved", "created_at", "currency") VALUES (2, 1, 'EA Animal Welfare Fund', 240, 'Highest', '2025-07-07T00:00:00.000Z', TRUE, '2021-12-29T00:00:00.000Z', NULL, NULL, 1056, '2025-07-07T21:31:04.930Z', 'USD');
INSERT INTO "donations" ("id", "user_id", "organization", "amount", "organization_impact", "date", "is_monthly", "date_started", "date_ended", "notes", "animals_saved", "created_at", "currency") VALUES (5, 1, 'Centre for Effective Altruism', 50, 'Highest', '2025-07-07T00:00:00.000Z', TRUE, '2016-11-02T00:00:00.000Z', '2023-06-30T00:00:00.000Z', NULL, 220, '2025-07-07T21:35:54.017Z', 'USD');
INSERT INTO "donations" ("id", "user_id", "organization", "amount", "organization_impact", "date", "is_monthly", "date_started", "date_ended", "notes", "animals_saved", "created_at", "currency") VALUES (6, 1, 'Faunalytics', 100, 'Highest', '2023-05-30T00:00:00.000Z', FALSE, NULL, NULL, NULL, 440, '2025-07-07T21:36:43.850Z', 'USD');
INSERT INTO "donations" ("id", "user_id", "organization", "amount", "organization_impact", "date", "is_monthly", "date_started", "date_ended", "notes", "animals_saved", "created_at", "currency") VALUES (7, 1, 'The Good Food Institute', 1500, 'Highest', '2022-12-26T00:00:00.000Z', FALSE, NULL, NULL, NULL, 6600, '2025-07-07T21:37:10.024Z', 'USD');
INSERT INTO "donations" ("id", "user_id", "organization", "amount", "organization_impact", "date", "is_monthly", "date_started", "date_ended", "notes", "animals_saved", "created_at", "currency") VALUES (10, 3, 'New Roots Institute', 25, 'High', '2025-07-09T00:00:00.000Z', FALSE, NULL, NULL, 'First time participating in Vegan 2.0 movement.', 78, '2025-07-17T18:21:45.864Z', 'USD');
INSERT INTO "donations" ("id", "user_id", "organization", "amount", "organization_impact", "date", "is_monthly", "date_started", "date_ended", "notes", "animals_saved", "created_at", "currency") VALUES (36, 29, 'EA animal welfare fund', 75, 'High', '2025-08-20T00:00:00.000Z', TRUE, '2024-07-20T00:00:00.000Z', NULL, NULL, 233, '2025-09-16T10:52:30.545Z', 'USD');
INSERT INTO "donations" ("id", "user_id", "organization", "amount", "organization_impact", "date", "is_monthly", "date_started", "date_ended", "notes", "animals_saved", "created_at", "currency") VALUES (37, 29, 'Open Philanthropy Farmed Animal Welfare Fund', 1000, 'Highest', '2024-09-17T00:00:00.000Z', FALSE, NULL, NULL, 'Meant to capture other donations outside of GWWC (this is likely an underestimate)', 4400, '2025-09-17T14:49:10.009Z', 'GBP');
INSERT INTO "donations" ("id", "user_id", "organization", "amount", "organization_impact", "date", "is_monthly", "date_started", "date_ended", "notes", "animals_saved", "created_at", "currency") VALUES (15, 4, 'Animal Charity Evaluators', 100, 'Highest', '2025-07-17T00:00:00.000Z', TRUE, '2025-05-01T00:00:00.000Z', NULL, NULL, 440, '2025-07-17T18:36:36.273Z', 'USD');
INSERT INTO "donations" ("id", "user_id", "organization", "amount", "organization_impact", "date", "is_monthly", "date_started", "date_ended", "notes", "animals_saved", "created_at", "currency") VALUES (38, 35, 'Allied scholars for animal protection ', 25, 'Average', '2025-10-27T00:00:00.000Z', TRUE, '2024-01-27T00:00:00.000Z', NULL, NULL, 0, '2025-10-27T19:42:12.797Z', 'USD');
INSERT INTO "donations" ("id", "user_id", "organization", "amount", "organization_impact", "date", "is_monthly", "date_started", "date_ended", "notes", "animals_saved", "created_at", "currency") VALUES (16, 4, 'Vegan Content Creators', 1000, 'Highest', '2023-01-17T00:00:00.000Z', FALSE, NULL, NULL, NULL, 4400, '2025-07-17T18:53:52.012Z', 'USD');
INSERT INTO "donations" ("id", "user_id", "organization", "amount", "organization_impact", "date", "is_monthly", "date_started", "date_ended", "notes", "animals_saved", "created_at", "currency") VALUES (13, 4, 'The Humane League', 200, 'High', '2025-07-17T00:00:00.000Z', TRUE, '2024-01-17T00:00:00.000Z', NULL, NULL, 620, '2025-07-17T18:35:36.222Z', 'USD');
INSERT INTO "donations" ("id", "user_id", "organization", "amount", "organization_impact", "date", "is_monthly", "date_started", "date_ended", "notes", "animals_saved", "created_at", "currency") VALUES (17, 5, 'Kennel to Couch', 35, 'Average', '2025-07-17T00:00:00.000Z', TRUE, '2024-07-01T00:00:00.000Z', NULL, NULL, 0, '2025-07-17T19:34:08.129Z', 'USD');
INSERT INTO "donations" ("id", "user_id", "organization", "amount", "organization_impact", "date", "is_monthly", "date_started", "date_ended", "notes", "animals_saved", "created_at", "currency") VALUES (18, 5, 'Various Orgs', 100, 'Average', '2025-07-01T00:00:00.000Z', TRUE, '2024-01-01T00:00:00.000Z', NULL, NULL, 1, '2025-07-17T19:38:17.863Z', 'USD');
INSERT INTO "donations" ("id", "user_id", "organization", "amount", "organization_impact", "date", "is_monthly", "date_started", "date_ended", "notes", "animals_saved", "created_at", "currency") VALUES (19, 14, 'Shrimp Welfare Project', 20, 'Highest', '2025-07-16T00:00:00.000Z', FALSE, NULL, NULL, 'vegan 2.0 week 4', 88, '2025-07-21T20:07:53.299Z', 'USD');
INSERT INTO "donations" ("id", "user_id", "organization", "amount", "organization_impact", "date", "is_monthly", "date_started", "date_ended", "notes", "animals_saved", "created_at", "currency") VALUES (39, 18, 'ACE recommended charities', 2500, 'Highest', '2025-12-13T00:00:00.000Z', FALSE, NULL, NULL, NULL, 11000, '2025-12-13T20:28:17.343Z', 'USD');
INSERT INTO "donations" ("id", "user_id", "organization", "amount", "organization_impact", "date", "is_monthly", "date_started", "date_ended", "notes", "animals_saved", "created_at", "currency") VALUES (22, 14, 'Good Food Fund', 20, 'Highest', '2025-07-28T00:00:00.000Z', FALSE, NULL, NULL, 'Vegan 2.0 week 6', 88, '2025-07-28T17:10:25.396Z', 'USD');
INSERT INTO "donations" ("id", "user_id", "organization", "amount", "organization_impact", "date", "is_monthly", "date_started", "date_ended", "notes", "animals_saved", "created_at", "currency") VALUES (20, 14, 'Aquatic Life Institute', 20, 'Highest', '2025-07-08T00:00:00.000Z', FALSE, NULL, NULL, 'vegan 2.0 week 3', 88, '2025-07-21T20:08:45.604Z', 'USD');
INSERT INTO "donations" ("id", "user_id", "organization", "amount", "organization_impact", "date", "is_monthly", "date_started", "date_ended", "notes", "animals_saved", "created_at", "currency") VALUES (21, 14, 'Çiftlik Hayvanlarını Koruma Derneği', 20, 'Highest', '2025-07-21T00:00:00.000Z', FALSE, NULL, NULL, 'vegan 2.0 week 5', 88, '2025-07-21T20:11:35.415Z', 'USD');
INSERT INTO "donations" ("id", "user_id", "organization", "amount", "organization_impact", "date", "is_monthly", "date_started", "date_ended", "notes", "animals_saved", "created_at", "currency") VALUES (41, 39, 'Animal charity evaluator ', 100, 'Highest', '2026-02-10T00:00:00.000Z', TRUE, '2025-05-01T00:00:00.000Z', NULL, NULL, 440, '2026-02-10T00:49:20.622Z', 'USD');
INSERT INTO "donations" ("id", "user_id", "organization", "amount", "organization_impact", "date", "is_monthly", "date_started", "date_ended", "notes", "animals_saved", "created_at", "currency") VALUES (40, 39, 'Good food institute ', 100, 'Highest', '2026-02-10T00:00:00.000Z', TRUE, '2025-12-01T00:00:00.000Z', NULL, NULL, 440, '2026-02-10T00:48:32.888Z', 'USD');

-- Table: feedback (1 rows)
INSERT INTO "feedback" ("id", "user_id", "name", "email", "subject", "message", "type", "status", "created_at") VALUES (1, NULL, 'Test User', 'test@example.com', 'Test feedback', 'Testing the feedback system', 'bug', 'pending', '2025-07-17T08:08:56.379Z');

-- Table: media_shared (4 rows)
INSERT INTO "media_shared" ("id", "user_id", "title", "one_off_pieces", "posts_per_month", "date_started", "date_ended", "description", "animals_saved", "created_at", "interactions") VALUES (1, 1, 'Facebook posting', 0, 8, '2020-01-01T00:00:00.000Z', '2022-01-01T00:00:00.000Z', NULL, 234, '2025-07-07T20:55:54.670Z', 0);
INSERT INTO "media_shared" ("id", "user_id", "title", "one_off_pieces", "posts_per_month", "date_started", "date_ended", "description", "animals_saved", "created_at", "interactions") VALUES (3, 14, 'Slaughterhouse worker video', 1, 0, '2025-07-08T00:00:00.000Z', NULL, 'vegan 2.0 week 3', 16, '2025-07-21T20:19:03.421Z', 0);
INSERT INTO "media_shared" ("id", "user_id", "title", "one_off_pieces", "posts_per_month", "date_started", "date_ended", "description", "animals_saved", "created_at", "interactions") VALUES (4, 14, 'Factory farming charity', 1, 0, '2025-07-16T00:00:00.000Z', NULL, 'vegan 2.0 week 4', 80, '2025-07-21T20:20:00.224Z', 0);
INSERT INTO "media_shared" ("id", "user_id", "title", "one_off_pieces", "posts_per_month", "date_started", "date_ended", "description", "animals_saved", "created_at", "interactions") VALUES (7, 14, 'European parliment pig castration photos', 1, 0, '2025-08-01T00:00:00.000Z', NULL, 'vegan 2.0 week 6', 220, '2025-08-03T14:41:16.147Z', 0);

-- Table: pro_bono_work (9 rows)
INSERT INTO "pro_bono_work" ("id", "user_id", "organization", "role", "date_started", "date_ended", "hours_per_day", "days_per_week", "organization_impact", "hourly_value", "description", "animals_saved", "created_at", "rate_type") VALUES (1, 1, 'GFI', 'Research', '2020-06-01T00:00:00.000Z', '2020-07-01T00:00:00.000Z', 8, 3, 'Highest', 50, 'Research', 22629, '2025-07-16T16:53:02.842Z', 'pro_bono');
INSERT INTO "pro_bono_work" ("id", "user_id", "organization", "role", "date_started", "date_ended", "hours_per_day", "days_per_week", "organization_impact", "hourly_value", "description", "animals_saved", "created_at", "rate_type") VALUES (2, 18, 'Faunalytics', 'Writer', '2025-08-12T00:00:00.000Z', NULL, 1, 1, 'Highest', 50, '', 503, '2025-08-27T18:26:23.680Z', 'pro_bono');
INSERT INTO "pro_bono_work" ("id", "user_id", "organization", "role", "date_started", "date_ended", "hours_per_day", "days_per_week", "organization_impact", "hourly_value", "description", "animals_saved", "created_at", "rate_type") VALUES (3, 29, 'Animal Advocacy Africa', 'Programme and Research Manager', '2025-08-20T00:00:00.000Z', NULL, 8, 3, 'Highest', 20, 'I set the strategy for the organisation and designed and implemented a programme', 4224, '2025-09-16T10:58:59.972Z', 'reduced_rate');
INSERT INTO "pro_bono_work" ("id", "user_id", "organization", "role", "date_started", "date_ended", "hours_per_day", "days_per_week", "organization_impact", "hourly_value", "description", "animals_saved", "created_at", "rate_type") VALUES (6, 29, 'We The Free', 'Regional organiser/Volunteer', '2022-08-10T00:00:00.000Z', '2025-02-10T00:00:00.000Z', 1, 1, 'Low', 20, 'Ran WTF outreach group', 3, '2025-09-16T11:02:57.486Z', 'pro_bono');
INSERT INTO "pro_bono_work" ("id", "user_id", "organization", "role", "date_started", "date_ended", "hours_per_day", "days_per_week", "organization_impact", "hourly_value", "description", "animals_saved", "created_at", "rate_type") VALUES (4, 29, 'Ethical Seafood Research ', 'Researcher', '2024-01-10T00:00:00.000Z', '2024-05-10T00:00:00.000Z', 3, 2, 'High', 20, 'Did a number of research projects for ESR', 6430, '2025-09-16T11:00:12.760Z', 'pro_bono');
INSERT INTO "pro_bono_work" ("id", "user_id", "organization", "role", "date_started", "date_ended", "hours_per_day", "days_per_week", "organization_impact", "hourly_value", "description", "animals_saved", "created_at", "rate_type") VALUES (5, 29, 'Shrimp Welfare Project', 'Researcher ', '2024-07-10T00:00:00.000Z', '2024-10-10T00:00:00.000Z', 2, 2, 'Highest', 20, 'Research project', 4626, '2025-09-16T11:01:08.405Z', 'pro_bono');
INSERT INTO "pro_bono_work" ("id", "user_id", "organization", "role", "date_started", "date_ended", "hours_per_day", "days_per_week", "organization_impact", "hourly_value", "description", "animals_saved", "created_at", "rate_type") VALUES (8, 29, 'SCALE', 'Strategy advisor', '2025-09-18T00:00:00.000Z', '2025-09-19T00:00:00.000Z', 5, 1, 'High', 30, '', 66, '2025-09-18T14:09:53.809Z', 'pro_bono');
INSERT INTO "pro_bono_work" ("id", "user_id", "organization", "role", "date_started", "date_ended", "hours_per_day", "days_per_week", "organization_impact", "hourly_value", "description", "animals_saved", "created_at", "rate_type") VALUES (9, 39, 'Northwest Animal Rights Network', 'Board Member', '2025-03-03T00:00:00.000Z', NULL, 1, 5, 'Low', 50, '', 12, '2026-02-10T04:45:14.318Z', 'pro_bono');
INSERT INTO "pro_bono_work" ("id", "user_id", "organization", "role", "date_started", "date_ended", "hours_per_day", "days_per_week", "organization_impact", "hourly_value", "description", "animals_saved", "created_at", "rate_type") VALUES (10, 39, 'Clean Meat Allance', 'Board Member', '2025-10-01T00:00:00.000Z', NULL, 1, 1, 'Low', 50, '', 1, '2026-02-10T04:45:51.217Z', 'pro_bono');

-- Table: session (1 rows)
INSERT INTO "session" ("sid", "sess", "expire") VALUES ('jYoLE8OzjOBEgJ7HZg8KjoCFjLQQGDDA', '[object Object]', '2026-03-21T21:03:30.000Z');

-- Table: users (40 rows)
INSERT INTO "users" ("id", "username", "password", "name", "created_at", "display_name", "profile_photo", "tags", "email", "google_id", "facebook_id", "auth_provider") VALUES (1, 'chris@bryantresearch.co.uk', '32618655011a96f677c4fad3f1eb81fc3124bb6e633e8e144f86975812a22e69781ad09c01395c3191cb004e921f05d634b443713657fa342c0368d00666dfab.f9fb97cc3200a50b5d19c99812e07da5', 'Chris Bryant', '2025-07-07T20:30:02.175Z', NULL, NULL, '[]', NULL, NULL, NULL, 'local');
INSERT INTO "users" ("id", "username", "password", "name", "created_at", "display_name", "profile_photo", "tags", "email", "google_id", "facebook_id", "auth_provider") VALUES (2, 'nm15309@my.bristol.ac.uk', 'c6629a441e1afea04e97b063b384261e959b8d2803362ffaf6cab52f14fa36a59480ddd991484b43a5b834d764d1e3e8163b43bf64238d3b7c505cc1de2dcb76.14de4899ec2c0c609b0fcc40fbcecafe', 'Nuria Melisa Morales Garcia', '2025-07-17T17:48:25.968Z', NULL, NULL, '[]', NULL, NULL, NULL, 'local');
INSERT INTO "users" ("id", "username", "password", "name", "created_at", "display_name", "profile_photo", "tags", "email", "google_id", "facebook_id", "auth_provider") VALUES (3, 'ct8z6coj@anonaddy.me', '3d8c41cdef03d4aa57b376eba74a9904adeea6790c0e5cff169020776a789db7ed56f94cb483ebd926a7a7301dd5c36a35a12325fbdcbcdf58d1d92f9c64a32f.e0db0ee29c802de2d2eca0eb2a62ef3f', 'Vegan Steven', '2025-07-17T18:19:46.549Z', NULL, NULL, '[]', NULL, NULL, NULL, 'local');
INSERT INTO "users" ("id", "username", "password", "name", "created_at", "display_name", "profile_photo", "tags", "email", "google_id", "facebook_id", "auth_provider") VALUES (4, 'leeduli@gmail.com', '3bf2da91b5baac83ac2285a2da84c2a0aa77743c5b387c2bb685d8109fd57238becced89ba31946c7fb9a86a19f30137647d408b01097a439f8235d7d84d4f20.fbe6344a30605693720adc9add940cd3', 'Joe Tate', '2025-07-17T18:22:29.887Z', NULL, NULL, '[]', NULL, NULL, NULL, 'local');
INSERT INTO "users" ("id", "username", "password", "name", "created_at", "display_name", "profile_photo", "tags", "email", "google_id", "facebook_id", "auth_provider") VALUES (5, 'tfp221b@gmail.com', 'ad1cbc6d0f022c9ca80a133bc34e92c438c5842f1ef27df752a7dae2df8b15995a3749204fc87ece84134caddff0891b2d53ea08681c43f423864d90384756df.9000060fa7873e542db63d1813f4bf78', 'Matt Dee', '2025-07-17T19:31:01.977Z', NULL, NULL, '[]', NULL, NULL, NULL, 'local');
INSERT INTO "users" ("id", "username", "password", "name", "created_at", "display_name", "profile_photo", "tags", "email", "google_id", "facebook_id", "auth_provider") VALUES (6, 'art789@yahoo.com', 'ad38e7aaa5533e7ff7f5a669acfd360aeb125d151d89879c2d92705511cf170809f5b85fd919d845e98c6831635c30c707649d670535345da327bcc1dcc98a4e.e3c4c511e58edd36f34a566f9ccaccf7', 'Gabriel Ruiz', '2025-07-17T20:14:41.537Z', NULL, NULL, '[]', NULL, NULL, NULL, 'local');
INSERT INTO "users" ("id", "username", "password", "name", "created_at", "display_name", "profile_photo", "tags", "email", "google_id", "facebook_id", "auth_provider") VALUES (7, 'gladstonesbrookes@gmail.com', 'b9470ce6e2ccacd40a4449c1c3ae136084ce537a11aa96c5d8aac58b42e44fe4d04642f487062e79204554c7ad49a03fd05f40528cdf774b66e0face33242cf7.b9bf14e2f106b8bce6cf7c1cb79177d1', 'James Oswald', '2025-07-17T21:45:14.941Z', NULL, NULL, '[]', NULL, NULL, NULL, 'local');
INSERT INTO "users" ("id", "username", "password", "name", "created_at", "display_name", "profile_photo", "tags", "email", "google_id", "facebook_id", "auth_provider") VALUES (8, 'skeejay@hotmail.com', '05c24b1bb91f88fdea36302159bb542c8419d4c34644b8f78b45271a1e61292c615aee0925ce07d41b42dbdce2f554f385b4c82b723238e3f5c3061e3c857de2.aa3e317be858330630d5125f4fcb4723', 'Skander Zouali', '2025-07-18T10:34:29.075Z', NULL, NULL, '[]', NULL, NULL, NULL, 'local');
INSERT INTO "users" ("id", "username", "password", "name", "created_at", "display_name", "profile_photo", "tags", "email", "google_id", "facebook_id", "auth_provider") VALUES (9, 'brownmarcus072@gmail.com', '645859316be8d6ac97302bdcedce3683e3690401e5a2107e00a072f2aa081eadf81e02c22fe110c8aa76117d747f3798002e6373837a790abe962d3307ebb705.556ca232419526001ddbfe64f68ffdc2', 'Marcus Brown', '2025-07-18T17:04:51.045Z', NULL, NULL, '[]', NULL, NULL, NULL, 'local');
INSERT INTO "users" ("id", "username", "password", "name", "created_at", "display_name", "profile_photo", "tags", "email", "google_id", "facebook_id", "auth_provider") VALUES (10, 'liamdrege@gmail.com', '453af0eaf3a180f20b965e846a57582c7d95e53b96638237033f40ebb90083358339e9aac2d7420b9f104ee77a88bb90e95cd02c0384893fc858be7b34762897.c7bc7f8ab4206f3899c676d0cc91c58c', 'Liam R', '2025-07-19T09:35:52.348Z', NULL, NULL, '[]', NULL, NULL, NULL, 'local');
INSERT INTO "users" ("id", "username", "password", "name", "created_at", "display_name", "profile_photo", "tags", "email", "google_id", "facebook_id", "auth_provider") VALUES (11, 'ecisler113@gmail.com', '1ec72a5740464c64d1766b58065ecba0dcb9657340366f695de8952933c280eb574d13bf5762a110926742120b097c01ea2a83910294fcb4f8e4aa0e73d05791.bc5b57bd1e609ec5db2c25ef887a60af', 'Ethan Cisler', '2025-07-19T17:14:36.829Z', NULL, NULL, '[]', NULL, NULL, NULL, 'local');
INSERT INTO "users" ("id", "username", "password", "name", "created_at", "display_name", "profile_photo", "tags", "email", "google_id", "facebook_id", "auth_provider") VALUES (12, 'stefan.testi22@gmail.com', '7d232db28edf58df033cad809b10c964bf49e7e315e67ac7a8e476cba7eb016577098f608898011892338bc9e81f77701a3b57c8ec217ff46dac25f5617b09a7.30f7a86267eb1a51ee5561b8d87cd624', 'Stefan Testi', '2025-07-20T03:17:28.658Z', NULL, NULL, '[]', NULL, NULL, NULL, 'local');
INSERT INTO "users" ("id", "username", "password", "name", "created_at", "display_name", "profile_photo", "tags", "email", "google_id", "facebook_id", "auth_provider") VALUES (13, 'a.s.f.furness@gmail.com', 'f8ac567cb76db688e80c3a4440255d28ed13a35d2a70c768d36e70a65d92c3cf7e97d77b4b1d31d87b72174d14192febc8441d154353458eb17f7a360c5c3525.e2c9a4b27cd9d639fdaa398ce5dc74a4', 'Andrew Furness ', '2025-07-21T10:01:01.633Z', NULL, NULL, '[]', NULL, NULL, NULL, 'local');
INSERT INTO "users" ("id", "username", "password", "name", "created_at", "display_name", "profile_photo", "tags", "email", "google_id", "facebook_id", "auth_provider") VALUES (14, 'athenabjorg@gmail.com', '237e822327ee561fafa6c44c070ec462b944beebce5fa109bf59abd31c07d8007cf39a9b82d3873c235b30998c3cb6466c35c3cf767159baca47939c62588ea8.ddcae5838e2e51dfecf3fe4871994d9b', 'Athena', '2025-07-21T15:47:25.846Z', NULL, NULL, '[]', NULL, NULL, NULL, 'local');
INSERT INTO "users" ("id", "username", "password", "name", "created_at", "display_name", "profile_photo", "tags", "email", "google_id", "facebook_id", "auth_provider") VALUES (15, 'andrew@liquidbronze.com', '27f663392e03ee99b74c89074990019403a24e21b9f9646e5682a75826344b6544c2994372c743d4dee737d3d8a088ba1b5220f102fa6ea1691b5827c1ed2ef1.050cdc44655c82dc23d1753a3a03f9dc', 'Andrew', '2025-07-21T18:56:23.573Z', NULL, NULL, '[]', NULL, NULL, NULL, 'local');
INSERT INTO "users" ("id", "username", "password", "name", "created_at", "display_name", "profile_photo", "tags", "email", "google_id", "facebook_id", "auth_provider") VALUES (16, 'travispenniall@gmail.com', '1b61bdced10007c18611a0c463800d08ae23b2c177e9a368de2a6aec38f3817726e38190ef21a3283aa1e93ffe5e451468704ef0f80859092170335956011396.5b9fb99d34dd0d23ec7224928756a8b5', 'Travis Penniall', '2025-07-21T19:29:43.623Z', NULL, NULL, '[]', NULL, NULL, NULL, 'local');
INSERT INTO "users" ("id", "username", "password", "name", "created_at", "display_name", "profile_photo", "tags", "email", "google_id", "facebook_id", "auth_provider") VALUES (17, 'guillaume.piot@ecomail.fr', '4010d2bb30d3f5c80d219d76f7d8a9d76e6975cff6ae62918c9c11bbd7bbbdd0e831305856fa2ca1e56cf437a061fee0f03a06ed48d38b6ed75cad4f9d273368.a28aaf9521e46046cf472311f716d048', 'Guillaume PIOT', '2025-07-23T13:34:16.675Z', NULL, NULL, '[]', NULL, NULL, NULL, 'local');
INSERT INTO "users" ("id", "username", "password", "name", "created_at", "display_name", "profile_photo", "tags", "email", "google_id", "facebook_id", "auth_provider") VALUES (18, 'alanjern@gmail.com', '2779852f12542d505c17c98601f9cd9128b6b73f237d1830a18ca45a17ef0453c14e1ded47136aaccbfde78beac6edc58fc66c5db4a55932fbba090d2e7c7632.e68a85e1d3ecc69b572417629059c41c', 'Alan Jern', '2025-07-28T13:12:33.800Z', NULL, NULL, '[]', NULL, NULL, NULL, 'local');
INSERT INTO "users" ("id", "username", "password", "name", "created_at", "display_name", "profile_photo", "tags", "email", "google_id", "facebook_id", "auth_provider") VALUES (19, 'sean@newrootsinstitute.org', 'ecb9caaa4af7e739b13a797acb79cb2309a634633fa5d8150bc34d634c0d17819bcf8b88c17d7eec7a22ce775d8d85b6d869c8e68384fc950080fb8be3eac7d0.b1a93cdab763dec6a5781a9b041568dd', 'Sean Rice', '2025-07-30T16:12:59.805Z', NULL, NULL, '[]', NULL, NULL, NULL, 'local');
INSERT INTO "users" ("id", "username", "password", "name", "created_at", "display_name", "profile_photo", "tags", "email", "google_id", "facebook_id", "auth_provider") VALUES (20, 'felix.werdermann@posteo.de', 'e018687ac67eed19d8cfffeb195ced62c67a3cadb10fe88618f0bb19a30c786909cd1e6a3f3cbb7df7337420f9e4b7a1008f4a83c237362791f263de44a3bd69.62b8282568aa9ed034ef8eda7863f7cd', 'Felix Werdermann', '2025-07-30T17:34:47.632Z', NULL, NULL, '[]', NULL, NULL, NULL, 'local');
INSERT INTO "users" ("id", "username", "password", "name", "created_at", "display_name", "profile_photo", "tags", "email", "google_id", "facebook_id", "auth_provider") VALUES (21, 'seajay750@gmail.com', 'e72cc0aed4aca6ddc5fea8b1539cfed95304162d3e77b5b500bb6efc26769e7f626fed2dfd15647bea8c5088363a82422e27abc4fbb5f41df6344c6d763ef6b6.fa637c8f998558ebef8ace365b5bd526', 'John Doe', '2025-08-03T02:08:02.026Z', NULL, NULL, '[]', NULL, NULL, NULL, 'local');
INSERT INTO "users" ("id", "username", "password", "name", "created_at", "display_name", "profile_photo", "tags", "email", "google_id", "facebook_id", "auth_provider") VALUES (22, 'howarddw@hotmail.co.uk', '516409312945d8eea189676586b889dd576e4e534bf143a33053d275bf6fe6a449ab72ef4730a11a71e4724637bef3922522479bdf277079998ed962bec5d9a6.c7aa6701d1e9dad038241f26e9dbcd18', 'Eyes Unclouded', '2025-08-04T11:03:47.960Z', NULL, NULL, '[]', NULL, NULL, NULL, 'local');
INSERT INTO "users" ("id", "username", "password", "name", "created_at", "display_name", "profile_photo", "tags", "email", "google_id", "facebook_id", "auth_provider") VALUES (23, 'colbobs@protonmail.com', 'c5cd58c9e462db99214b9e4d21c54015ebfca8f6181c01628200604ea7fc5d7159e64e015c96025edca9f522e4a27e29494150f2979c6b974b68f650075ff8c5.49909b8dbca6eb4dc8d3fab7f1ee22f6', 'Colin Sylvester', '2025-08-11T13:41:48.400Z', NULL, NULL, '[]', NULL, NULL, NULL, 'local');
INSERT INTO "users" ("id", "username", "password", "name", "created_at", "display_name", "profile_photo", "tags", "email", "google_id", "facebook_id", "auth_provider") VALUES (24, 'jherb7770@gmail.com', 'e313ba0e0e0f5ee2feba72d6e8e310de46a117b9a6d9d409d2c9c262a0e14e1a9c8aa974cc3a077e1c9ccf57f53352e9bb6800c698015cf2ac657788c0c1d69e.90aaf86dc8e171bbd63f33dbc5226696', 'John Herb', '2025-08-18T11:39:13.107Z', NULL, NULL, '[]', NULL, NULL, NULL, 'local');
INSERT INTO "users" ("id", "username", "password", "name", "created_at", "display_name", "profile_photo", "tags", "email", "google_id", "facebook_id", "auth_provider") VALUES (25, 'thefakepatota@gmail.com', '25287ba2ec32136912c827d39b062e4c5bfc57c2c753831b3ea0369db34b1a1205fda97c5d344da1612a31e592a55a578c874f0a22effc557f841b2d054ca846.e97a20ae8aa301e88ea92f2e688676d3', 'John Pelican', '2025-08-18T11:52:23.854Z', NULL, NULL, '[]', NULL, NULL, NULL, 'local');
INSERT INTO "users" ("id", "username", "password", "name", "created_at", "display_name", "profile_photo", "tags", "email", "google_id", "facebook_id", "auth_provider") VALUES (26, 'esmarwinther@gmail.com', '35a5d5253c16c11eb2c104e7e8c2d3db06138d389cbc7113905e8164c50382178e166c88ad661f4ec96d0901b7860f3b56caaa2a1711ddd6b96105264c622ff7.3830e06ee64588d94964faed254fe47b', 'Esmar Winther', '2025-08-30T06:32:55.756Z', NULL, NULL, '[]', NULL, NULL, NULL, 'local');
INSERT INTO "users" ("id", "username", "password", "name", "created_at", "display_name", "profile_photo", "tags", "email", "google_id", "facebook_id", "auth_provider") VALUES (27, 'idbnstra@gmail.com', 'a2e19b2d3fe2d8cf32d21e53d8a5127991a41c92f96e4ff6767ebec5515da54d3473da428b8e5d0466bbff94a59b73ad7383443dc75d867ddfaef0eff3bce9f4.a850bf709de907e250f7333b4b16660f', 'Isaac Bandstra', '2025-09-14T22:59:08.281Z', NULL, NULL, '[]', NULL, NULL, NULL, 'local');
INSERT INTO "users" ("id", "username", "password", "name", "created_at", "display_name", "profile_photo", "tags", "email", "google_id", "facebook_id", "auth_provider") VALUES (28, 'jnlagatare@gmail.com', 'c717bd456ae0f3175a58afbd3da92db31f7045072a4ac2ef4795706264e434d7f0348c1e08e63178e9361ee7bd84838a240ad64992be5847f8d97996efa0d77c.71db9e9ef0b9861473eb69f129465741', 'Jake Lagatare', '2025-09-15T22:00:07.167Z', NULL, NULL, '[]', NULL, NULL, NULL, 'local');
INSERT INTO "users" ("id", "username", "password", "name", "created_at", "display_name", "profile_photo", "tags", "email", "google_id", "facebook_id", "auth_provider") VALUES (29, 'stuartcraig97@outlook.com', 'b4f57af9547011ccc5baf51c44bcb1973683e04b69a9dbd77ad4027ee6f0111b8fb59815c5817bb52d6e69dca968384387ba53940e2c95860fef1b29adaa74f3.65c5d5f1836893759c341bb8b84a086f', 'Stuart Hisham Craig', '2025-09-16T06:45:34.906Z', NULL, NULL, '[]', NULL, NULL, NULL, 'local');
INSERT INTO "users" ("id", "username", "password", "name", "created_at", "display_name", "profile_photo", "tags", "email", "google_id", "facebook_id", "auth_provider") VALUES (30, 'flobdeth@yahoo.co.uk', '9f6d9feddda009c03f6dd8cff65aabe44f0e288fd57679622e45e43a1cc14c6407f46d05f53a22bc78d5a52d189ba131dfc973c9bd5c982cad0b8e0daf7aaf88.bd896e2023c6d2165950fa1e10341ccd', 'Tone', '2025-09-16T06:55:05.054Z', 'Tone', NULL, '["UK"]', NULL, NULL, NULL, 'local');
INSERT INTO "users" ("id", "username", "password", "name", "created_at", "display_name", "profile_photo", "tags", "email", "google_id", "facebook_id", "auth_provider") VALUES (31, 'ekolson@me.com', '334276afa19d83ec9e8118e3c33f92321ad88ed95d82bdb36ba8dcb6e5863bfc8523eff4f2e7b9691294bd2481601276d57e400f6da539e4954da04793afa116.f1fb9d44681559cb4324c72a59b9ba3b', 'Eric Olson', '2025-09-16T20:30:19.225Z', 'Eric Olson', NULL, '["USA"]', NULL, NULL, NULL, 'local');
INSERT INTO "users" ("id", "username", "password", "name", "created_at", "display_name", "profile_photo", "tags", "email", "google_id", "facebook_id", "auth_provider") VALUES (32, 'rebeccabrolin3@gmail.com', '064c51921f2e34dfa898b73247ffb3993b3b062b3f1cf1c745f3b3f05b08d3aa1e70018b43ff97190b04d87ac51b114eea21530b6bd36329657bc94328604e00.d129656189808fd5a622294ddc05ae56', 'Rebecca Brolin', '2025-09-17T14:49:16.290Z', NULL, NULL, '[]', NULL, NULL, NULL, 'local');
INSERT INTO "users" ("id", "username", "password", "name", "created_at", "display_name", "profile_photo", "tags", "email", "google_id", "facebook_id", "auth_provider") VALUES (33, 'johnpmwilliams@gmail.com', 'da90b75ef1e1042394920475dd47d859f2ab123ab153aee2ccaea0530bc380e08d6b53a1d68c776f6fc5e2a4e1698ece5635d0da2cd39b65509463bb34634655.2cd6aa0d2f53bd639783adebf5322e00', 'John Williams', '2025-09-18T12:27:17.101Z', NULL, NULL, '[]', NULL, NULL, NULL, 'local');
INSERT INTO "users" ("id", "username", "password", "name", "created_at", "display_name", "profile_photo", "tags", "email", "google_id", "facebook_id", "auth_provider") VALUES (34, 'o.j.evans1007@gmail.com', '75cf8e2bbb491ff99644274e9fc70d6e7001878e780a707ee375bc492b9dfd82a023097ac821d04be531cc73ebff7c2dddaddf1518f5d495be309edf44375d2b.1d77ba9c790fda8c868e215892ff4b60', 'Liv Evans', '2025-09-18T14:08:24.215Z', NULL, NULL, '[]', NULL, NULL, NULL, 'local');
INSERT INTO "users" ("id", "username", "password", "name", "created_at", "display_name", "profile_photo", "tags", "email", "google_id", "facebook_id", "auth_provider") VALUES (35, 'banghainguyen12@gmail.com', '03de9c4871000d1f6aced7776ed0b8673faa2f3f006f46f4e88fe7561cfa526f9b3e9c7081f43896997da57437e4534e5e576f8e0111e45df69a3b463b7919ae.fc8930d246dd3897db102fbd5b7da391', 'Bang Nguyen', '2025-10-27T19:40:21.457Z', NULL, NULL, '[]', NULL, NULL, NULL, 'local');
INSERT INTO "users" ("id", "username", "password", "name", "created_at", "display_name", "profile_photo", "tags", "email", "google_id", "facebook_id", "auth_provider") VALUES (36, 'tufanyaman@wp.pl', '83e850218ffdb18886a38ae448e82e8b1e951e1426c1aeda953878acd9c073f65b11b868e630174e6e8880448f9a6749fec0baa93b927a7ed1c42fba0158de9b.88418d3423d255ff0e2573d7f055d1a5', 'Tufan Yaman', '2026-01-02T02:33:42.028Z', NULL, NULL, '[]', NULL, NULL, NULL, 'local');
INSERT INTO "users" ("id", "username", "password", "name", "created_at", "display_name", "profile_photo", "tags", "email", "google_id", "facebook_id", "auth_provider") VALUES (37, 'exceltherapeuticsinc@gmail.com', '1450230b919bd904912487282efb2aa2fd0d6941aae5a4c7ce14062a35d56219c13ad8589ea93ab2133e21226631f411605587bcf79954f16c39dc09aa90d6b0.e98714adb446b3c695d3a2f4c8e3ebd2', 'Travis McLaughlin', '2026-01-14T05:05:50.752Z', NULL, NULL, '[]', NULL, NULL, NULL, 'local');
INSERT INTO "users" ("id", "username", "password", "name", "created_at", "display_name", "profile_photo", "tags", "email", "google_id", "facebook_id", "auth_provider") VALUES (38, 'aditya.nair111@gmail.com', '4deb9685dbbba8ab877972683eb0a3ea467244ef450a1cd332eed3333c657641d48b21b40f6079c299aeb1c8ce708a2e57416f70d158dec3e9a00efd3fa8ae4d.87b85546e6b09a5303ff3226b23e9439', 'Aditya Nair', '2026-02-10T00:44:51.200Z', 'Aditya', NULL, '[]', NULL, NULL, NULL, 'local');
INSERT INTO "users" ("id", "username", "password", "name", "created_at", "display_name", "profile_photo", "tags", "email", "google_id", "facebook_id", "auth_provider") VALUES (39, 'vinith.gowri.vg@gmail.com', '8bb2dff1aeeb810621e064a091c068abf41a4136f39297609ef32bcbba1f7a87563ec19acbf960ed225ca8738783301eda3bc1fd63afc5e580e4b39437a08530.76aaa3ef016255b1c1560c8000ade31d', 'Vinith Sudhir ', '2026-02-10T00:47:53.861Z', NULL, NULL, '[]', NULL, NULL, NULL, 'local');
INSERT INTO "users" ("id", "username", "password", "name", "created_at", "display_name", "profile_photo", "tags", "email", "google_id", "facebook_id", "auth_provider") VALUES (40, 'vishnuamritpydah@gmail.com', '6995c2f6a0019b69bffb59928eae443db9e7925acf25a04d5131bd1a368d4ca11dff0969dfd98cd13cb09557b969a506e6124866adb0c9a59945c66aed8dfcf2.098d5f39e38697a10a1d511837d0e485', 'Vishnu Pydah', '2026-02-10T01:42:57.277Z', NULL, NULL, '[]', NULL, NULL, NULL, 'local');

-- Table: vegan_conversions (35 rows)
INSERT INTO "vegan_conversions" ("id", "user_id", "person_name", "date_started", "date_ended", "diet_before", "diet_after", "influence", "notes", "animals_saved", "created_at") VALUES (2, 1, 'The Captain', '2015-07-07T00:00:00.000Z', '2022-07-07T00:00:00.000Z', 'omnivore', 'vegetarian', 35, NULL, 322, '2025-07-07T21:43:54.134Z');
INSERT INTO "vegan_conversions" ("id", "user_id", "person_name", "date_started", "date_ended", "diet_before", "diet_after", "influence", "notes", "animals_saved", "created_at") VALUES (3, 1, 'Snail', '2021-07-07T00:00:00.000Z', NULL, 'omnivore', 'vegetarian', 35, NULL, 186, '2025-07-07T21:44:13.013Z');
INSERT INTO "vegan_conversions" ("id", "user_id", "person_name", "date_started", "date_ended", "diet_before", "diet_after", "influence", "notes", "animals_saved", "created_at") VALUES (1, 1, 'Woody', '2020-07-07T00:00:00.000Z', NULL, 'omnivore', 'pescetarian', 50, NULL, 294, '2025-07-07T21:42:58.419Z');
INSERT INTO "vegan_conversions" ("id", "user_id", "person_name", "date_started", "date_ended", "diet_before", "diet_after", "influence", "notes", "animals_saved", "created_at") VALUES (5, 4, 'Rachel', '2020-01-17T00:00:00.000Z', NULL, 'flexitarian', 'vegan', 100, NULL, 482, '2025-07-17T18:23:34.135Z');
INSERT INTO "vegan_conversions" ("id", "user_id", "person_name", "date_started", "date_ended", "diet_before", "diet_after", "influence", "notes", "animals_saved", "created_at") VALUES (6, 4, 'Brian', '2024-01-01T00:00:00.000Z', NULL, 'meat-heavy', 'vegan', 100, NULL, 271, '2025-07-17T18:23:59.064Z');
INSERT INTO "vegan_conversions" ("id", "user_id", "person_name", "date_started", "date_ended", "diet_before", "diet_after", "influence", "notes", "animals_saved", "created_at") VALUES (8, 4, 'Sierra', '2020-11-28T00:00:00.000Z', NULL, 'omnivore', 'vegan', 100, NULL, 677, '2025-07-17T18:27:47.165Z');
INSERT INTO "vegan_conversions" ("id", "user_id", "person_name", "date_started", "date_ended", "diet_before", "diet_after", "influence", "notes", "animals_saved", "created_at") VALUES (9, 4, 'Adrian', '2022-04-10T00:00:00.000Z', NULL, 'omnivore', 'vegan', 100, NULL, 478, '2025-07-17T18:27:56.614Z');
INSERT INTO "vegan_conversions" ("id", "user_id", "person_name", "date_started", "date_ended", "diet_before", "diet_after", "influence", "notes", "animals_saved", "created_at") VALUES (7, 4, 'Caroline', '2021-10-01T00:00:00.000Z', NULL, 'omnivore', 'vegan', 100, NULL, 555, '2025-07-17T18:24:24.124Z');
INSERT INTO "vegan_conversions" ("id", "user_id", "person_name", "date_started", "date_ended", "diet_before", "diet_after", "influence", "notes", "animals_saved", "created_at") VALUES (10, 8, 'Jako', '2021-12-18T00:00:00.000Z', NULL, 'omnivore', 'vegan', 100, NULL, 523, '2025-07-18T10:37:28.074Z');
INSERT INTO "vegan_conversions" ("id", "user_id", "person_name", "date_started", "date_ended", "diet_before", "diet_after", "influence", "notes", "animals_saved", "created_at") VALUES (11, 8, 'Martijn', '2022-02-18T00:00:00.000Z', NULL, 'vegetarian', 'vegan', 80, NULL, 40, '2025-07-18T10:37:55.237Z');
INSERT INTO "vegan_conversions" ("id", "user_id", "person_name", "date_started", "date_ended", "diet_before", "diet_after", "influence", "notes", "animals_saved", "created_at") VALUES (12, 8, 'Rutger', '2021-04-21T00:00:00.000Z', NULL, 'flexitarian', 'vegan', 30, NULL, 112, '2025-07-18T10:38:48.539Z');
INSERT INTO "vegan_conversions" ("id", "user_id", "person_name", "date_started", "date_ended", "diet_before", "diet_after", "influence", "notes", "animals_saved", "created_at") VALUES (13, 14, 'Marinó', '2014-03-01T00:00:00.000Z', NULL, 'omnivore', 'vegan', 100, NULL, 1666, '2025-07-21T15:49:07.845Z');
INSERT INTO "vegan_conversions" ("id", "user_id", "person_name", "date_started", "date_ended", "diet_before", "diet_after", "influence", "notes", "animals_saved", "created_at") VALUES (14, 14, 'Alba', '2017-06-01T00:00:00.000Z', NULL, 'omnivore', 'vegan', 100, NULL, 1190, '2025-07-21T15:49:40.122Z');
INSERT INTO "vegan_conversions" ("id", "user_id", "person_name", "date_started", "date_ended", "diet_before", "diet_after", "influence", "notes", "animals_saved", "created_at") VALUES (15, 15, 'Laura', '2022-12-21T00:00:00.000Z', NULL, 'vegetarian', 'vegan', 100, NULL, 38, '2025-07-21T18:59:02.605Z');
INSERT INTO "vegan_conversions" ("id", "user_id", "person_name", "date_started", "date_ended", "diet_before", "diet_after", "influence", "notes", "animals_saved", "created_at") VALUES (16, 21, NULL, '2025-07-15T00:00:00.000Z', NULL, 'omnivore', 'vegetarian', 100, NULL, 7, '2025-08-03T02:10:45.185Z');
INSERT INTO "vegan_conversions" ("id", "user_id", "person_name", "date_started", "date_ended", "diet_before", "diet_after", "influence", "notes", "animals_saved", "created_at") VALUES (17, 21, NULL, '2025-07-01T00:00:00.000Z', NULL, 'omnivore', 'vegan', 100, 'Me', 13, '2025-08-03T02:11:48.106Z');
INSERT INTO "vegan_conversions" ("id", "user_id", "person_name", "date_started", "date_ended", "diet_before", "diet_after", "influence", "notes", "animals_saved", "created_at") VALUES (18, 25, 'razor', '2025-08-15T00:00:00.000Z', NULL, 'meat-heavy', 'vegan', 30, NULL, 0, '2025-08-18T11:54:55.485Z');
INSERT INTO "vegan_conversions" ("id", "user_id", "person_name", "date_started", "date_ended", "diet_before", "diet_after", "influence", "notes", "animals_saved", "created_at") VALUES (20, 24, 'Freddy Faz Abhi', '2025-07-01T00:00:00.000Z', NULL, 'omnivore', 'vegetarian', 95, NULL, 16, '2025-08-18T11:55:54.290Z');
INSERT INTO "vegan_conversions" ("id", "user_id", "person_name", "date_started", "date_ended", "diet_before", "diet_after", "influence", "notes", "animals_saved", "created_at") VALUES (21, 25, NULL, '2025-08-18T00:00:00.000Z', NULL, 'meat-heavy', 'omnivore', 50, NULL, 0, '2025-08-18T11:56:20.034Z');
INSERT INTO "vegan_conversions" ("id", "user_id", "person_name", "date_started", "date_ended", "diet_before", "diet_after", "influence", "notes", "animals_saved", "created_at") VALUES (22, 24, 'Tan', '2025-07-15T00:00:00.000Z', NULL, 'flexitarian', 'vegetarian', 100, NULL, 7, '2025-08-18T11:56:59.382Z');
INSERT INTO "vegan_conversions" ("id", "user_id", "person_name", "date_started", "date_ended", "diet_before", "diet_after", "influence", "notes", "animals_saved", "created_at") VALUES (23, 24, 'Kart', '2025-06-01T00:00:00.000Z', NULL, 'vegetarian', 'vegan', 100, NULL, 3, '2025-08-18T11:57:48.779Z');
INSERT INTO "vegan_conversions" ("id", "user_id", "person_name", "date_started", "date_ended", "diet_before", "diet_after", "influence", "notes", "animals_saved", "created_at") VALUES (24, 24, 'Mr P', '2025-07-20T00:00:00.000Z', NULL, 'omnivore', 'vegetarian', 100, NULL, 10, '2025-08-18T11:58:18.273Z');
INSERT INTO "vegan_conversions" ("id", "user_id", "person_name", "date_started", "date_ended", "diet_before", "diet_after", "influence", "notes", "animals_saved", "created_at") VALUES (25, 24, 'Bad', '2025-07-01T00:00:00.000Z', NULL, 'pescetarian', 'vegetarian', 100, NULL, 2, '2025-08-18T12:00:12.659Z');
INSERT INTO "vegan_conversions" ("id", "user_id", "person_name", "date_started", "date_ended", "diet_before", "diet_after", "influence", "notes", "animals_saved", "created_at") VALUES (26, 24, 'Rob 1', '2025-08-01T00:00:00.000Z', NULL, 'meat-heavy', 'flexitarian', 100, NULL, 4, '2025-08-18T12:01:01.578Z');
INSERT INTO "vegan_conversions" ("id", "user_id", "person_name", "date_started", "date_ended", "diet_before", "diet_after", "influence", "notes", "animals_saved", "created_at") VALUES (27, 24, 'Rob 2', '2025-08-01T00:00:00.000Z', NULL, 'omnivore', 'flexitarian', 100, NULL, 3, '2025-08-18T12:01:19.724Z');
INSERT INTO "vegan_conversions" ("id", "user_id", "person_name", "date_started", "date_ended", "diet_before", "diet_after", "influence", "notes", "animals_saved", "created_at") VALUES (28, 24, 'Rob 3', '2025-07-20T00:00:00.000Z', NULL, 'meat-heavy', 'flexitarian', 100, NULL, 7, '2025-08-18T12:01:36.312Z');
INSERT INTO "vegan_conversions" ("id", "user_id", "person_name", "date_started", "date_ended", "diet_before", "diet_after", "influence", "notes", "animals_saved", "created_at") VALUES (29, 24, 'Ved', '2025-06-01T00:00:00.000Z', NULL, 'vegetarian', 'vegan', 100, NULL, 3, '2025-08-18T12:03:48.548Z');
INSERT INTO "vegan_conversions" ("id", "user_id", "person_name", "date_started", "date_ended", "diet_before", "diet_after", "influence", "notes", "animals_saved", "created_at") VALUES (30, 1, 'Laurie Blacklock', '2021-09-15T00:00:00.000Z', NULL, 'omnivore', 'pescetarian', 50, NULL, 234, '2025-09-15T22:02:08.043Z');
INSERT INTO "vegan_conversions" ("id", "user_id", "person_name", "date_started", "date_ended", "diet_before", "diet_after", "influence", "notes", "animals_saved", "created_at") VALUES (31, 29, 'Sarah Craig', '2020-09-16T00:00:00.000Z', NULL, 'omnivore', 'vegan', 35, NULL, 256, '2025-09-16T10:53:54.871Z');
INSERT INTO "vegan_conversions" ("id", "user_id", "person_name", "date_started", "date_ended", "diet_before", "diet_after", "influence", "notes", "animals_saved", "created_at") VALUES (32, 29, 'Hala Craig', '2023-09-16T00:00:00.000Z', NULL, 'omnivore', 'vegan', 75, NULL, 219, '2025-09-16T10:54:12.530Z');
INSERT INTO "vegan_conversions" ("id", "user_id", "person_name", "date_started", "date_ended", "diet_before", "diet_after", "influence", "notes", "animals_saved", "created_at") VALUES (33, 29, 'David Craig', '2022-09-16T00:00:00.000Z', NULL, 'omnivore', 'flexitarian', 55, NULL, 96, '2025-09-16T10:54:29.582Z');
INSERT INTO "vegan_conversions" ("id", "user_id", "person_name", "date_started", "date_ended", "diet_before", "diet_after", "influence", "notes", "animals_saved", "created_at") VALUES (34, 29, 'Georgina Gales', '2019-09-17T00:00:00.000Z', NULL, 'vegetarian', 'vegan', 80, NULL, 70, '2025-09-17T14:51:50.917Z');
INSERT INTO "vegan_conversions" ("id", "user_id", "person_name", "date_started", "date_ended", "diet_before", "diet_after", "influence", "notes", "animals_saved", "created_at") VALUES (35, 29, 'Andrew Craig', '2023-09-17T00:00:00.000Z', NULL, 'meat-heavy', 'omnivore', 25, NULL, 15, '2025-09-17T14:52:43.931Z');
INSERT INTO "vegan_conversions" ("id", "user_id", "person_name", "date_started", "date_ended", "diet_before", "diet_after", "influence", "notes", "animals_saved", "created_at") VALUES (36, 29, 'Stuart Craig', '2015-08-18T00:00:00.000Z', '2019-08-18T00:00:00.000Z', 'omnivore', 'vegetarian', 100, NULL, 526, '2025-09-18T06:58:27.962Z');
INSERT INTO "vegan_conversions" ("id", "user_id", "person_name", "date_started", "date_ended", "diet_before", "diet_after", "influence", "notes", "animals_saved", "created_at") VALUES (37, 29, 'Stuart Craig', '2019-09-18T00:00:00.000Z', NULL, 'omnivore', 'vegan', 100, NULL, 877, '2025-09-18T06:59:05.985Z');
